operation,n_samples,n_features,loop_time,vectorized_time,speedup,outputs_match
confusion_matrix,50000,0,0.0007427000018651597,0.0016017000016290694,0.4636948249421044,True
nanmean_nanvar,50000,20,1.1958861999955843,0.0049732999978004955,240.46130346540124,True
hard_voting,50000,25,0.6072497999994084,0.02577719999680994,23.557632329134222,True
tree_split_single_feature,50000,1,18.009007399996335,0.008173800000804476,2203.260099124503,True
